{"name":"6a7af5b0-34b2-4142-a99f-ab84119f2364","id":"/providers/Microsoft.Flow/flows/6a7af5b0-34b2-4142-a99f-ab84119f2364","type":"Microsoft.Flow/flows","properties":{"apiId":"/providers/Microsoft.PowerApps/apis/shared_logicflows","displayName":"upload file to non_tax_dedectibles","definition":{"metadata":{"workflowEntityId":null,"processAdvisorMetadata":null,"flowChargedByPaygo":null,"flowclientsuspensionreason":"None","flowclientsuspensiontime":null,"flowclientsuspensionreasondetails":null,"creator":{"id":"5672f39f-d193-4829-8544-18d23b2da1ff","type":"User","tenantId":"7be93ba7-4482-49d0-a512-7c6818096e33"},"provisioningMethod":"FromDefinition","failureAlertSubscription":true,"clientLastModifiedTime":"2024-05-18T09:56:44.29014Z","connectionKeySavedTimeKey":"2024-05-18T09:56:44.29014Z"},"$schema":"https://schema.management.azure.com/providers/Microsoft.Logic/schemas/2016-06-01/workflowdefinition.json#","contentVersion":"1.0.0.0","parameters":{"$connections":{"defaultValue":{},"type":"Object"},"$authentication":{"defaultValue":{},"type":"SecureObject"}},"triggers":{"manual":{"metadata":{"operationMetadataId":"24a75523-85ec-4e95-8c0f-ff38f6e40828"},"type":"Request","kind":"PowerAppV2","inputs":{"schema":{"type":"object","properties":{"file":{"title":"文件内容","type":"object","x-ms-dynamically-added":true,"description":"请选择文件或图像","x-ms-content-hint":"FILE","properties":{"name":{"type":"string"},"contentBytes":{"type":"string","format":"byte"}}}},"required":[]}}}},"actions":{"创建文件":{"runAfter":{},"metadata":{"operationMetadataId":"009bc805-8425-4d91-85a6-4d0636c90f02"},"type":"OpenApiConnection","inputs":{"host":{"apiId":"/providers/Microsoft.PowerApps/apis/shared_sharepointonline","connectionName":"shared_sharepointonline","operationId":"CreateFile"},"parameters":{"dataset":"https://unisydneyedu.sharepoint.com/sites/Group40","folderPath":"/non_tax_deductibles","name":"@triggerBody()['file']['name']","body":"@triggerBody()['file']['contentBytes']"},"authentication":{"value":"@json(decodeBase64(triggerOutputs().headers['X-MS-APIM-Tokens']))['$ConnectionKey']","type":"Raw"}},"runtimeConfiguration":{"contentTransfer":{"transferMode":"Chunked"}}},"Respond_to_a_Power_App_or_flow":{"runAfter":{"创建文件":["Succeeded"]},"metadata":{"operationMetadataId":"b4904bd0-7f2b-49ae-b4f7-bb550f1b19a0"},"type":"Response","kind":"PowerApp","inputs":{"statusCode":200,"body":{"file_uplaoded":"yes"},"schema":{"type":"object","properties":{"file_uplaoded":{"title":"file uplaoded","x-ms-dynamically-added":true,"type":"string"}}}}}}},"connectionReferences":{"shared_sharepointonline":{"connectionName":"4c0c8bb30ca0419f916f147552c01520","source":"Invoker","id":"/providers/Microsoft.PowerApps/apis/shared_sharepointonline","tier":"NotSpecified"}},"flowFailureAlertSubscribed":false,"isManaged":false}}