{"name":"e444fcac-2ac6-45fe-95f6-cdb7bb45dce0","id":"/providers/Microsoft.Flow/flows/e444fcac-2ac6-45fe-95f6-cdb7bb45dce0","type":"Microsoft.Flow/flows","properties":{"apiId":"/providers/Microsoft.PowerApps/apis/shared_logicflows","displayName":"Upload file to tax_deductibles","definition":{"metadata":{"workflowEntityId":null,"processAdvisorMetadata":null,"flowChargedByPaygo":null,"flowclientsuspensionreason":"None","flowclientsuspensiontime":null,"flowclientsuspensionreasondetails":null,"creator":{"id":"5672f39f-d193-4829-8544-18d23b2da1ff","type":"User","tenantId":"7be93ba7-4482-49d0-a512-7c6818096e33"},"provisioningMethod":"FromDefinition","failureAlertSubscription":true,"clientLastModifiedTime":"2024-05-15T01:52:22.7672752Z","connectionKeySavedTimeKey":"2024-05-15T01:52:22.7672752Z"},"$schema":"https://schema.management.azure.com/providers/Microsoft.Logic/schemas/2016-06-01/workflowdefinition.json#","contentVersion":"1.0.0.0","parameters":{"$connections":{"defaultValue":{},"type":"Object"},"$authentication":{"defaultValue":{},"type":"SecureObject"}},"triggers":{"manual":{"metadata":{"operationMetadataId":"a24d2267-dfd8-4337-a7a0-b321cc90d157"},"type":"Request","kind":"PowerAppV2","inputs":{"schema":{"type":"object","properties":{"file":{"title":"文件内容","type":"object","x-ms-dynamically-added":true,"description":"请选择文件或图像","x-ms-content-hint":"FILE","properties":{"name":{"type":"string"},"contentBytes":{"type":"string","format":"byte"}}}},"required":[]}}}},"actions":{"创建文件":{"runAfter":{},"metadata":{"operationMetadataId":"67fc8683-8295-4899-8732-6284a7514b00"},"type":"OpenApiConnection","inputs":{"host":{"apiId":"/providers/Microsoft.PowerApps/apis/shared_sharepointonline","connectionName":"shared_sharepointonline","operationId":"CreateFile"},"parameters":{"dataset":"https://unisydneyedu.sharepoint.com/sites/Group40","folderPath":"/tax_deductibles","name":"@triggerBody()['file']['name']","body":"@triggerBody()['file']['contentBytes']"},"authentication":{"value":"@json(decodeBase64(triggerOutputs().headers['X-MS-APIM-Tokens']))['$ConnectionKey']","type":"Raw"}},"runtimeConfiguration":{"contentTransfer":{"transferMode":"Chunked"}}},"Respond_to_a_Power_App_or_flow":{"runAfter":{"创建文件":["Succeeded"]},"metadata":{"operationMetadataId":"2f19ec5f-e514-4b1f-afbc-bd1fe3516e71"},"type":"Response","kind":"PowerApp","inputs":{"statusCode":200,"body":{"file_uploaded":"yes"},"schema":{"type":"object","properties":{"file_uploaded":{"title":"file uploaded","x-ms-dynamically-added":true,"type":"string"}}}}}}},"connectionReferences":{"shared_sharepointonline":{"connectionName":"4c0c8bb30ca0419f916f147552c01520","source":"Invoker","id":"/providers/Microsoft.PowerApps/apis/shared_sharepointonline","tier":"NotSpecified"}},"flowFailureAlertSubscribed":false,"isManaged":false}}