{"schemaVersion":"1.0","appDefinitionTemplate":{"id":"/providers/Microsoft.PowerApps/apps/","type":"Microsoft.PowerApps/apps","tags":{"primaryDeviceWidth":"640","primaryDeviceHeight":"1136","sienaVersion":"20240518T091705Z-3.24051.23.0","deviceCapabilities":"","supportsPortrait":"true","supportsLandscape":"true","primaryFormFactor":"Phone","publisherVersion":"3.24051.23","minimumRequiredApiVersion":"2.2.0","hasComponent":"false","hasUnlockedComponent":"false","optimizedForTeamsMeeting":"false","showStatusBar":"false","isUnifiedRootApp":"false"},"properties":{"appVersion":"2024-05-18T09:17:05Z","lifeCycleId":"Published","createdByClientVersion":{"major":3,"minor":24051,"build":23,"revision":0,"majorRevision":0,"minorRevision":0},"minClientVersion":{"major":3,"minor":24051,"build":23,"revision":0,"majorRevision":0,"minorRevision":0},"backgroundColor":"RGBA(54,176,75,1)","backgroundImageUri":"/395743120902343545/N6dd1876e-e62a-48d2-bc3a-d8ec632697db-logoSmallFile","displayName":"AssistingPro","description":"","commitMessage":"","appUris":{"documentUri":{"value":"/395743120902343545/N2ff2b57e-1d35-4f7e-b45c-40f9ed62ca1d-document.msapp"},"imageUris":[],"additionalUris":[{"isSolutionAware":false,"value":"/395743120902343545/N0c1de06f-a75b-4821-8982-ed7f3376d7f4-identity.json"}]},"createdTime":"0001-01-01T00:00:00Z","lastModifiedTime":"0001-01-01T00:00:00Z","sharedGroupsCount":0,"sharedUsersCount":0,"connectionReferences":{"fce6c6f7-233f-456a-b10e-62bf5e5b5b03":{"id":"fa0684e3-811d-4ed8-a2be-c9aaa682a18b","displayName":"SharePoint","iconUri":"https://connectoricons-prod.azureedge.net/releases/v1.0.1685/1.0.1685.3700/sharepointonline/icon.png","dataSources":["tbl_business_user","tax_deductibles","brand_identity_questionnaire","non_tax_deductibles"],"dependencies":[],"dependents":[],"parameterHints":{},"parameterHintsV2":{},"isOnPremiseConnection":false,"bypassConsent":false,"dataSets":{},"apiTier":"Standard","isCustomApiConnection":false,"actions":["providers/PowerPlatform.Governance/Operations/Read","providers/PowerPlatform.Governance/Operations/Write"]},"e69d33fe-a08c-4b96-a3d9-bc908d5bd91b":{"id":"fa0684e3-811d-4ed8-a2be-c9aaa682a18b","displayName":"SharePoint","iconUri":"https://connectoricons-prod.azureedge.net/releases/v1.0.1685/1.0.1685.3700/sharepointonline/icon.png","dataSources":["tbl_business_user","non_tax_deductibles","tax_deductibles"],"dependencies":[],"dependents":["20c76524-4bed-481a-b0c6-565fac526f60","ee9a92a2-21e9-4dac-a2f7-3e1c461e42cc"],"parameterHints":{},"parameterHintsV2":{},"isOnPremiseConnection":false,"bypassConsent":false,"dataSets":{"https://unisydneyedu.sharepoint.com/sites/Group40":{"dataSources":{"tbl_business_user":{"tableName":"329fb149-364f-4915-b210-fa66be7cc421"},"non_tax_deductibles":{"tableName":"89da1adf-c7cc-4a28-9dd2-3edecef914cd"},"tax_deductibles":{"tableName":"7a419431-3e03-4c94-8e3d-6c7658c77c89"}}}},"apiTier":"Standard","isCustomApiConnection":false,"actions":["providers/PowerPlatform.Governance/Operations/Read","providers/PowerPlatform.Governance/Operations/Write"]},"20c76524-4bed-481a-b0c6-565fac526f60":{"id":"90182317-f461-4ef6-a309-1ee28e992a26","displayName":"Logic flows","iconUri":"https://connectoricons-prod.azureedge.net/u/patelronak/specialtrain-logicflows-2/1.0.1692.3734/logicflows/icon.png","dataSources":["Uploadfiletotax_deductibles"],"dependencies":["e69d33fe-a08c-4b96-a3d9-bc908d5bd91b"],"dependents":[],"parameterHints":{"workflowName":{"value":"25847d1c-7a3a-43fc-8dcc-5886063b0264"},"workflowEntityId":{},"workflowDisplayName":{"value":"Upload file to tax_deductibles"},"e69d33fe-a08c-4b96-a3d9-bc908d5bd91b":{"value":"shared_sharepointonline"}},"parameterHintsV2":{"workflowName":{"value":"25847d1c-7a3a-43fc-8dcc-5886063b0264"},"workflowEntityId":{},"workflowDisplayName":{"value":"Upload file to tax_deductibles"},"shared_sharepointonline":{"value":"e69d33fe-a08c-4b96-a3d9-bc908d5bd91b"}},"isOnPremiseConnection":false,"bypassConsent":false,"dataSets":{},"apiTier":"Standard","isCustomApiConnection":false,"actions":["Run"],"nestedActions":[{"id":"/providers/Microsoft.PowerApps/apis/shared_sharepointonline/apiOperations/CreateFile","apiName":"SharePoint","actionName":"CreateFile","referencedResources":[{"key":"site","value":"https://unisydneyedu.sharepoint.com/sites/Group40"}]}]},"ee9a92a2-21e9-4dac-a2f7-3e1c461e42cc":{"id":"90182317-f461-4ef6-a309-1ee28e992a26","displayName":"Logic flows","iconUri":"https://connectoricons-prod.azureedge.net/u/patelronak/specialtrain-logicflows-2/1.0.1692.3734/logicflows/icon.png","dataSources":["uploadfiletonon_tax_dedectibles"],"dependencies":["e69d33fe-a08c-4b96-a3d9-bc908d5bd91b"],"dependents":[],"parameterHints":{"workflowName":{"value":"3def5484-caa0-4266-9238-b91c7af8a7c8"},"workflowEntityId":{},"workflowDisplayName":{"value":"upload file to non_tax_dedectibles"},"e69d33fe-a08c-4b96-a3d9-bc908d5bd91b":{"value":"shared_sharepointonline"}},"parameterHintsV2":{"workflowName":{"value":"3def5484-caa0-4266-9238-b91c7af8a7c8"},"workflowEntityId":{},"workflowDisplayName":{"value":"upload file to non_tax_dedectibles"},"shared_sharepointonline":{"value":"e69d33fe-a08c-4b96-a3d9-bc908d5bd91b"}},"isOnPremiseConnection":false,"bypassConsent":false,"dataSets":{},"apiTier":"Standard","isCustomApiConnection":false,"actions":["Run"],"nestedActions":[{"id":"/providers/Microsoft.PowerApps/apis/shared_sharepointonline/apiOperations/CreateFile","apiName":"SharePoint","actionName":"CreateFile","referencedResources":[{"key":"site","value":"https://unisydneyedu.sharepoint.com/sites/Group40"}]}]}},"databaseReferences":{},"almMode":"Environment","performanceOptimizationEnabled":true,"canConsumeAppPass":true,"enableModernRuntimeMode":false,"executionRestrictions":{"isTeamsOnly":false,"dataLossPreventionEvaluationResult":{"status":"Compliant","lastEvaluationDate":"2024-05-18T09:17:19.2048953Z","violations":[],"violationsByPolicy":[],"violationErrorMessage":"The app uses the following connectors: shared_sharepointonline, shared_logicflows."},"httpActionRestriction":{"appUsesSharepointHttpAction":false,"enforcementStrategy":"Legacy","evaluationTime":"2024-05-18T09:17:19.2044986Z"}}},"appType":"ClassicCanvasApp","appComponents":[]}}